SiteID,X,Y
O31/0127,173.720104,-42.31651004
O31/0110,173.6526309,-42.35734221
O31/0200,173.654342,-42.36777046
O31/0238,173.726817,-42.33358826
O31/0121,173.6772621,-42.3578568
O31/0255,173.6783611,-42.3527799
O31/0304,173.6517845,-42.39644216
O31/0299,173.6652704,-42.37909118
O31/0312,173.6743397,-42.38548649
O31/0309,173.6670074,-42.39286027
BT27/5037,173.6764592,-42.38940963
O31/0156,173.6770783,-42.38936094
O31/0308,173.6667601,-42.39245644
O31/0306,173.6520347,-42.39596342
O31/0107,173.6349157,-42.3731302
O31/0219,173.6398965,-42.41150408
O31/0026,173.6220548,-42.38436817
O31/0196,173.6102944,-42.39429295
O31/0280,173.615269,-42.41969925
O31/0259,173.6172263,-42.41974276
O31/0096,173.6151826,-42.41956462
N32/0117,173.0487112,-42.6472962
N32/0096,172.8112835,-42.53279632
N32/0106,172.8149631,-42.52380549
N32/0097,172.8149551,-42.52650723
N32/0088,172.8336421,-42.5412604
N32/0095,172.82103,-42.53101979
N32/0107,172.8155705,-42.52425676
N32/0204,172.807856,-42.55456666
BU24/0002,172.769092,-42.53248492
N32/0492,172.9782022,-42.6414328
N32/0491,172.8618705,-42.66874674
O33/0076,173.2684229,-42.73926313
O33/0078,173.2807485,-42.73891839
O32/0018,173.276176,-42.72992401
O32/0016,173.2903489,-42.72010896
O32/0024,173.2797079,-42.72484533
O32/0023,173.2902886,-42.72027122
O33/0003,173.2733927,-42.73866602
N33/0200,172.9391962,-42.7508094
N32/0116,173.0420071,-42.65540393
N32/0115,173.036834,-42.65541472
N32/0140,172.9469289,-42.69608665
N32/0146,172.9486772,-42.6931066
N32/0145,172.947087,-42.69679817
N32/0157,172.9467209,-42.69652783
N32/0153,172.9470895,-42.69382633
N32/0159,172.9457432,-42.69769809
N32/0158,172.9459886,-42.69634737
N32/0164,172.9424447,-42.69994788
N32/0161,172.9441553,-42.69850783
N32/0166,172.9404899,-42.70129771
N32/0165,172.9420783,-42.7001278
N32/0169,172.9523221,-42.69995241
N32/0056,173.2192858,-42.72891236
O33/0043,173.3058178,-42.74635576
N32/0062,173.0182941,-42.71463993
N32/0108,173.2192376,-42.72911958
N33/0249,173.2322711,-42.73890989
N33/0111,173.2331751,-42.73890805
N33/0163,173.2201458,-42.7406809
N33/0112,173.2321828,-42.73816261
N33/0166,173.2233152,-42.74889678
O33/0047,173.2519879,-42.81691831
N33/0091,173.2292012,-42.81752452
O33/0061,173.2725384,-42.81135094
O33/0049,173.2577124,-42.81095301
O33/0073,173.2507859,-42.80702403
O33/0065,173.2529393,-42.80423663
O33/0074,173.2577992,-42.81123198
O33/0014,173.2731765,-42.81183571
O33/0030,173.2648508,-42.89293014
BV24/0024,172.7926201,-42.84362761
BV24/0023,172.7923128,-42.84401428
M33/0214,172.607897,-42.84674617
N33/0027,172.8518102,-42.77340542
N33/0013,172.8532859,-42.76963404
N33/0212,172.8514632,-42.77538617
N33/0206,172.8213859,-42.75606253
N33/0103,172.8354467,-42.79025025
M33/0203,172.6771386,-42.87546412
M33/0246,172.6716525,-42.91947514
BV24/0028,172.8351149,-42.9472571
N33/0217,172.8520422,-42.77862888
N33/0216,172.7807339,-42.76492533
N33/0219,172.7683082,-42.77034016
N33/0004,172.7686247,-42.76741403
N33/0194,172.7944285,-42.80015296
N33/0205,172.8891812,-42.7650546
N33/0204,172.9366284,-42.77646457
N34/0005,172.854147,-43.02196233
N33/0064,172.8716122,-43.00398212
N34/0109,172.7772825,-43.04529668
BV24/0069,172.5726269,-42.96015782
M34/0688,172.7080479,-43.08166521
M34/0689,172.7084941,-43.08342231
M34/0560,172.7527015,-43.16463342
N34/0062,172.7874196,-43.16020078
N34/0064,172.7869654,-43.15992078
N34/0065,172.7846762,-43.16379758
N34/0086,172.7870105,-43.16109149
M34/0758,172.722827,-43.13063467
M34/0353,172.6908419,-43.09284918
M34/0074,172.7321257,-43.12411027
M34/0311,172.6919312,-43.09859727
M34/0340,172.7151833,-43.19870137
M34/0154,172.7460107,-43.19698201
BW24/0051,172.75336,-43.21191898
M34/0105,172.7524965,-43.21234034
M34/5864,172.7455851,-43.19869197
M34/0211,172.552713,-43.26933671
M34/5557,172.386644,-43.23346662
M34/5617,172.685447,-43.24884285
M34/0169,172.7150759,-43.2138381
M34/0223,172.6358062,-43.27524133
M35/0372,172.5870692,-43.28927608
M35/0375,172.612948,-43.28846612
M35/0383,172.5907671,-43.28928937
M35/0405,172.7205421,-43.28391708
M35/0444,172.7200211,-43.28463618
M35/3121,172.594465,-43.28930254
M35/4482,172.6044585,-43.28794182
M35/9594,172.7199097,-43.28473496
M34/0252,172.5441008,-43.26751078
M34/0270,172.4928743,-43.20698171
M34/0442,172.4191541,-43.24409975
M34/0526,172.4988479,-43.21259998
M34/0571,172.5015179,-43.24301154
M34/0301,172.3351687,-43.26603704
M34/0247,172.7095396,-43.26488086
M34/0192,172.7057985,-43.26647412
M34/0201,172.6833139,-43.26347857
M34/0312,172.6450938,-43.26966963
M34/0313,172.6450886,-43.27057008
M34/0329,172.6212842,-43.27597758
M34/0339,172.6223945,-43.27580116
M34/0108,172.5861721,-43.23976523
M35/4264,172.6794683,-43.30833793
M35/0232,172.608006,-43.29025021
M35/0256,172.604308,-43.29023748
M35/0271,172.6147017,-43.29183976
M35/0374,172.6092328,-43.29115487
M35/0376,172.6190494,-43.29838267
M35/0474,172.7096593,-43.28377291
M35/0555,172.6951054,-43.29065961
M35/0574,172.7176889,-43.28787211
M35/4227,172.7045341,-43.2960421
M35/5359,172.6080002,-43.29115065
L35/0005,172.2049445,-43.32896738
L35/0044,172.2125207,-43.33924892
L35/0084,172.2349604,-43.33832969
L35/0850,172.1829137,-43.334575
L35/1195,172.0516622,-43.29804817
M35/0029,172.2615817,-43.35265974
M35/0047,172.2844642,-43.33960459
M35/0050,172.2631537,-43.34307108
M35/0061,172.3116419,-43.3581946
M35/0177,172.3323631,-43.36818635
M35/0180,172.3606804,-43.37374184
M35/0182,172.3803047,-43.37275131
M35/0183,172.3675083,-43.38069523
M35/0185,172.3248583,-43.37713776
M35/0186,172.4321695,-43.39419907
M35/0187,172.483808,-43.40587044
M35/0212,172.4973804,-43.4059309
M35/5440,172.4821128,-43.40624997
M35/0217,172.5869789,-43.29715479
M35/0567,172.6459293,-43.33808017
M35/4911,172.6274427,-43.33712099
M35/5604,172.6449428,-43.33799607
M35/0216,172.5867573,-43.29710897
M35/0244,172.595949,-43.31091884
M35/0249,172.5891378,-43.30792306
M35/0252,172.5889528,-43.3079314
M35/0294,172.5513088,-43.29274324
M35/0362,172.5980657,-43.29659098
M35/0365,172.6097462,-43.29954892
M35/0370,172.6116238,-43.30286
M35/0371,172.5632152,-43.29989396
M35/0377,172.579506,-43.31355194
M35/0378,172.5622481,-43.31438766
M35/0379,172.553636,-43.311653
M35/0380,172.5458435,-43.29829553
M35/0381,172.5980622,-43.30461407
M35/0455,172.6336919,-43.32363434
M35/1139,172.6152468,-43.30901338
M35/4233,172.6042614,-43.31643169
M35/4476,172.5981097,-43.29741055
M35/4949,172.6048054,-43.30859959
M35/6281,172.6081116,-43.33138352
M35/7644,172.6126025,-43.31571287
M35/7878,172.5454973,-43.29842022
M35/8462,172.6445754,-43.3375357
M35/0266,172.5633395,-43.33419286
M35/0323,172.5324331,-43.3123787
M35/0329,172.6174948,-43.3496855
M35/0333,172.5477764,-43.32026537
M35/0344,172.6212131,-43.34700552
M35/0382,172.5990703,-43.33882596
M35/0393,172.5560235,-43.32245877
M35/0397,172.6085452,-43.34453164
M35/0398,172.6187286,-43.34968962
M35/0568,172.6490838,-43.34727452
M35/0570,172.6333224,-43.34609951
M35/0571,172.6490341,-43.35590971
M35/0737,172.6553661,-43.37307354
M35/0909,172.6580786,-43.37142486
M35/2663,172.5314584,-43.31084393
M35/3243,172.5424713,-43.31888458
M35/4494,172.6237098,-43.35030042
M35/4859,172.5560431,-43.31976648
M35/4864,172.5548296,-43.3170604
M35/4881,172.5486503,-43.31883709
M35/5087,172.5557171,-43.31711787
BW24/0037,172.7061265,-43.33911512
BW24/0038,172.7061501,-43.33934029
BW24/0039,172.7061354,-43.3398355
M35/7024,172.7049769,-43.34468597
M35/7078,172.7049769,-43.34468597
M35/7079,172.7049769,-43.34468597
M35/0480,172.7064207,-43.33695478
M35/0522,172.7038942,-43.33644401
M35/0523,172.7026606,-43.33644081
M35/0527,172.7013696,-43.34814335
M35/0546,172.6904146,-43.32110957
M35/3004,172.7021685,-43.3361694
M35/6662,172.7042986,-43.38274628
M35/0824,172.7029208,-43.37921295
M35/5646,172.6908799,-43.38013551
M35/0690,172.595916,-43.42188116
M35/0691,172.5886478,-43.42069368
M35/0693,172.5855353,-43.4224383
M35/0745,172.6567326,-43.39122167
M35/0746,172.6554549,-43.39227135
M35/0751,172.6537416,-43.393923
M35/0785,172.6598169,-43.39168111
M35/0831,172.6468759,-43.38758988
M35/0832,172.6447739,-43.38812364
M35/0905,172.6307397,-43.40373793
M35/0906,172.6377514,-43.38558036
M35/2610,172.6363761,-43.38845742
M35/3318,172.6447079,-43.40363811
M35/5405,172.6269685,-43.41453101
M35/5654,172.6491087,-43.39648415
M35/5655,172.6492777,-43.39929406
M35/5699,172.6571804,-43.39940807
M35/5700,172.6541762,-43.40651253
M35/6760,172.5878891,-43.42510311
L35/0349,172.2230718,-43.30996632
M35/0020,172.3315341,-43.33127206
M35/0028,172.3050822,-43.33067318
M35/0042,172.3795069,-43.34323926
M35/0063,172.2751674,-43.31427934
M35/0065,172.2954356,-43.3189893
M35/0069,172.3078805,-43.32865512
M35/0073,172.3367314,-43.33542639
M35/0075,172.3179765,-43.33029156
M35/0132,172.4531376,-43.3569507
M35/0207,172.4815867,-43.37669497
M35/0214,172.4582788,-43.36164851
M35/0215,172.5000229,-43.38497113
M35/0696,172.5691319,-43.38552251
M35/0697,172.5444563,-43.38989309
M35/0698,172.595879,-43.3940033
M35/10179,172.5387315,-43.3730588
M35/1816,172.2952916,-43.31970878
M35/2710,172.309457,-43.32123591
M35/4682,172.5402327,-43.37694578
BW23/0133,172.4569251,-43.41375987
L35/0081,172.2298236,-43.36213009
L35/0082,172.2457447,-43.3650546
L35/0083,172.2348326,-43.37207763
L35/0086,172.2358908,-43.43816803
M35/0172,172.2796018,-43.39711261
M35/0174,172.2782531,-43.39630271
M35/0184,172.3549713,-43.38598285
M35/0195,172.4566192,-43.42311399
M35/0197,172.5022024,-43.42035906
M35/0203,172.4739126,-43.40762623
M35/0213,172.4517435,-43.40211944
M35/11936,172.3189032,-43.40295419
M35/6385,172.3256576,-43.40080614
M35/6723,172.2708622,-43.36285833
L35/0004,172.1963296,-43.29848983
L35/0068,172.2418218,-43.30640929
M35/2707,172.2984202,-43.31576601
M35/2708,172.2964638,-43.31431327
M35/5231,172.3180571,-43.32308841
L35/0023,172.1956318,-43.28502308
L35/0072,172.2536466,-43.27715913
M34/0304,172.3325878,-43.26880444
M35/0021,172.3279133,-43.32404721
M35/0022,172.2973114,-43.30496274
M35/0031,172.3750889,-43.2928077
M35/0066,172.3023871,-43.2923874
M35/0079,172.3612187,-43.32243716
M35/0080,172.3600043,-43.32062946
M35/0082,172.3652464,-43.29095258
M35/0085,172.3968731,-43.33253573
M35/0101,172.472387,-43.29870065
M35/0102,172.4760931,-43.29781722
M35/0108,172.3898686,-43.29288749
M35/0119,172.4511663,-43.32920733
M35/0125,172.4956449,-43.30092165
M35/0165,172.507792,-43.34027048
M35/0169,172.4364476,-43.33090965
M35/0170,172.4092863,-43.32449642
M35/0171,172.4722702,-43.31220699
M35/0391,172.5311087,-43.32425031
M35/0394,172.6050627,-43.36405047
M35/0396,172.6038579,-43.35954405
M35/0399,172.5217215,-43.31654855
M35/0908,172.6333817,-43.37314025
M35/7796,172.603542,-43.36445942
M35/2589,172.4086232,-43.30639383
M35/2709,172.3094876,-43.31853473
M35/3043,172.2879036,-43.28596792
M35/4721,172.5717975,-43.35762761
M35/4755,172.2997669,-43.30587825
M35/4757,172.2957528,-43.30540338
M35/4986,172.4846922,-43.30145813
M35/5869,172.3577615,-43.31928422
M35/6211,172.4848155,-43.30145868
M35/6295,172.435713,-43.31033061
M35/6639,172.5007124,-43.31896204
M35/8567,172.3859689,-43.3116862
M35/8744,172.3572624,-43.32334246
M35/0013,172.3154288,-43.33747996
M35/0019,172.3290276,-43.33485919
M35/0055,172.380721,-43.35366406
M35/0070,172.3658426,-43.35216882
M35/0074,172.3257846,-43.33362451
M35/0076,172.3818463,-43.35585824
M35/0077,172.3769566,-43.35132945
M35/0078,172.3805849,-43.35855276
M35/0111,172.3965432,-43.36584167
M35/0121,172.3943989,-43.35682584
M35/0147,172.421269,-43.36146722
M35/0209,172.4459586,-43.38916118
M35/0675,172.562033,-43.40093818
M35/2698,172.3109373,-43.34302678
M35/8479,172.3819035,-43.35144634
M35/0470,172.6564715,-43.31717671
M35/0460,172.6374652,-43.30924804
M35/0520,172.6681419,-43.33454496
M35/0566,172.6460761,-43.32767136
M35/4521,172.6632797,-43.32372527
BX23/0771,172.4135432,-43.44725804
BX23/0772,172.4136799,-43.4471867
BX23/0773,172.4138289,-43.44710643
M35/0733,172.6851419,-43.38680118
M35/0902,172.6678327,-43.39125445
M35/0903,172.6665832,-43.39395215
M35/3436,172.6629647,-43.3984978
M35/5643,172.6808729,-43.38155775
M35/5653,172.6635933,-43.40095787
M35/5644,172.6821216,-43.38121005
M35/5645,172.68341,-43.38034019
M35/6670,172.6646133,-43.36379038
M35/0820,172.6820737,-43.37857161
M35/0892,172.6642601,-43.36964227
M35/5599,172.6651576,-43.3680331
L35/0194,172.2039162,-43.45570645
M35/8968,172.4994986,-43.44865704
M35/1738,172.5922458,-43.43863432
M35/1732,172.5860496,-43.43941345
M35/1733,172.5866846,-43.43689452
M35/1736,172.5947102,-43.43782368
M35/0962,172.3965781,-43.46308045
M35/2706,172.6532522,-43.41694587
M35/1699,172.6684587,-43.40551932
BW24/0274,172.6535018,-43.4164874
M35/1727,172.6054788,-43.43501596
M35/6929,172.5660872,-43.46787426
M35/8363,172.5325263,-43.46089868
M35/8367,172.5226594,-43.45806657
M35/8364,172.5256034,-43.46096022
M35/8371,172.515482,-43.4528949
M35/8370,172.5209493,-43.45391742
M35/6520,172.5846619,-43.4616402
M35/6686,172.5846619,-43.4616402
M35/5974,172.5741548,-43.46160155
M35/5976,172.5753751,-43.46385717
M35/5975,172.5790961,-43.46207006
M35/5738,172.567932,-43.4692319
M35/5762,172.5709913,-43.47193571
M35/5768,172.5697517,-43.47238127
M35/5773,172.5425102,-43.47947898
M35/5139,172.5134664,-43.46841884
M35/5211,172.577198,-43.4683661
M35/5353,172.5772761,-43.46602526
M35/4016,172.5715744,-43.46990292
M35/4445,172.5820039,-43.46345839
M35/3461,172.5846711,-43.46028958
M35/3460,172.5846711,-43.46028958
M35/3521,172.566068,-43.47056648
M35/3486,172.4775319,-43.46070566
M35/1737,172.5901103,-43.44013042
M35/1740,172.5379668,-43.47531873
M35/1739,172.5338983,-43.47539226
M35/1742,172.533926,-43.47179064
M35/1741,172.540693,-43.47451932
M35/1744,172.5897342,-43.44275835
M35/1743,172.5277163,-43.47536689
M35/1747,172.5598701,-43.47279388
M35/1745,172.5215059,-43.4789428
M35/1752,172.5783358,-43.4629767
M35/1748,172.5809416,-43.46333745
M35/1838,172.4357169,-43.4616415
M35/1720,172.5573579,-43.47818678
M35/1719,172.5573645,-43.47728637
M35/1723,172.554885,-43.47817718
M35/1724,172.5598766,-43.47189347
M35/1731,172.5959189,-43.44187993
M35/1734,172.5841795,-43.44183785
M35/1735,172.5823228,-43.4422813
M35/1653,172.5585199,-43.47822729
M35/1706,172.60262,-43.45459057
M35/1709,172.579939,-43.46531473
M35/1708,172.584173,-43.46082803
M35/1714,172.569774,-43.46923884
M35/1713,172.5666925,-43.46967742
M35/1416,172.5474864,-43.47544684
M35/1451,172.5477904,-43.47115298
M35/1455,172.5446312,-43.47367066
M35/1463,172.5846588,-43.4620904
M35/1484,172.5679352,-43.46878169
M35/1336,172.6297779,-43.44200357
M35/1345,172.5153019,-43.48161796
M35/1195,172.593348,-43.45671902
M35/10632,172.6296294,-43.44203911
M35/0960,172.4696733,-43.4688184
M35/0959,172.4907175,-43.46560047
M35/6946,172.4330346,-43.4642665
M35/1730,172.6064482,-43.4360638
M35/1729,172.6058128,-43.43876293
BX23/0270,172.4861737,-43.47661945
BX23/0762,172.4344904,-43.46193258
BX23/0761,172.4343914,-43.4619411
BX23/0763,172.434577,-43.46192401
M35/1726,172.6050857,-43.43846328
M35/5913,172.714988,-43.47004416
M35/5912,172.7148711,-43.46860318
M35/5914,172.7152289,-43.47139541
M35/5893,172.713148,-43.46697809
M35/5892,172.7126607,-43.46545513
M35/5895,172.7137546,-43.46941078
M35/5894,172.7136374,-43.46805983
M35/5897,172.7146082,-43.47193413
M35/5896,172.7143664,-43.47076296
M35/5899,172.7083266,-43.46696589
M35/5898,172.7153458,-43.4728364
M35/5901,172.7088107,-43.46912817
M35/5900,172.7085691,-43.46795698
M35/5903,172.7119365,-43.46176152
M35/5908,172.707963,-43.46544323
M35/5907,172.7125464,-43.46347388
M35/5911,172.7140116,-43.46734042
M35/5909,172.7072304,-43.46355044
M35/5889,172.7170051,-43.4669877
M35/4876,172.7088202,-43.46714723
M35/2731,172.7048405,-43.43133564
M35/8175,172.7139361,-43.48072968
M35/3446,172.7068988,-43.48101801
M35/1590,172.7139361,-43.48072968
M35/7057,172.5765736,-43.46926422
M35/8470,172.6584772,-43.45432082
M35/6416,172.5866372,-43.46200753
M35/6415,172.5862633,-43.46245639
M35/6435,172.58689,-43.46119805
M35/6426,172.5870136,-43.4611985
M35/6437,172.5867639,-43.46155777
M35/6436,172.5871366,-43.46128898
M35/6487,172.648377,-43.4695886
M35/6459,172.5870074,-43.46209891
M35/6557,172.5821505,-43.46730378
M35/6562,172.5883794,-43.46030299
M35/6736,172.5877565,-43.46102109
M35/6012,172.5734576,-43.47284537
M35/6374,172.5838667,-43.4676342
M35/6382,172.587128,-43.46254956
M35/6381,172.586513,-43.46209712
M35/6412,172.5871065,-43.46570101
M35/6407,172.5873397,-43.46777285
M35/5713,172.5734703,-43.47104455
M35/5759,172.5957474,-43.46762279
M35/5742,172.5764393,-43.47078546
M35/5761,172.5742159,-43.47050707
M35/5769,172.5858918,-43.46254509
M35/5770,172.5858888,-43.4629953
M35/5860,172.5838936,-43.46550927
M35/5779,172.5633641,-43.48550336
M35/5055,172.5918222,-43.46119775
M35/5251,172.6236586,-43.47426421
M35/5712,172.5815423,-43.46586087
M35/4875,172.5574364,-43.47929461
M35/3455,172.582909,-43.46487538
M35/2753,172.5853057,-43.47595042
M35/1716,172.5759177,-43.47465539
M35/1715,172.6068678,-43.46667109
M35/1718,172.5672721,-43.47507321
M35/1717,172.5722276,-43.47194034
M35/1721,172.5870238,-43.47784755
M35/1619,172.6426884,-43.4698411
M35/1650,172.5560852,-43.48313422
M35/1651,172.5951269,-43.46798077
M35/1694,172.5791798,-43.46783315
M35/1693,172.5814752,-43.46842686
M35/1707,172.5883794,-43.46030299
M35/1710,172.5753279,-43.47060125
M35/1425,172.5768208,-43.46926514
M35/1424,172.5788064,-43.46819195
M35/1434,172.5759492,-43.47015334
M35/1460,172.59925,-43.46142212
M35/1473,172.588355,-43.46390464
M35/1481,172.5647767,-43.47821525
M35/1358,172.6054377,-43.47746236
M35/1352,172.5808446,-43.47737485
M35/1363,172.6054507,-43.47736335
M35/1362,172.605624,-43.47733694
M35/1364,172.5843955,-43.46443058
M35/1379,172.605463,-43.4773724
M35/1375,172.5911497,-43.47110913
M35/6656,172.5798498,-43.4692673
M35/6979,172.6860629,-43.44755656
M35/5086,172.6559579,-43.44957697
M35/3755,172.6437524,-43.44655015
M35/3753,172.6354165,-43.45377239
M35/1268,172.6514997,-43.44251305
M35/1223,172.6409703,-43.44679357
M35/1283,172.6569269,-43.44432133
M35/1173,172.6517548,-43.4432792
M35/11975,172.6551491,-43.44400083
M35/5702,172.6772251,-43.38966054
M35/0582,172.5510037,-43.41785975
M35/0642,172.5467273,-43.41153979
M35/0684,172.5454687,-43.41468634
M35/0685,172.5433967,-43.41426388
M35/0686,172.542654,-43.41446802
M35/0687,172.5411985,-43.41257126
M35/0688,172.5405314,-43.41421639
M35/0689,172.5394451,-43.41413098
M35/0692,172.5892837,-43.41800364
M35/0695,172.5870832,-43.41461906
M35/0812,172.6592676,-43.37952344
M35/0834,172.6497326,-43.38249313
M35/0865,172.6518608,-43.37950113
M35/0871,172.6543093,-43.38311035
M35/0904,172.6493867,-43.38039402
M35/0907,172.638303,-43.37585727
M35/2597,172.5515154,-43.40710148
M35/3549,172.6432195,-43.3794745
M35/3550,172.6432142,-43.38037493
M35/3824,172.6596294,-43.38105528
M35/5095,172.5608524,-43.40880353
M35/5701,172.6760026,-43.3896931
M35/5875,172.651759,-43.38434523
M35/6624,172.6217462,-43.36645704
M35/0298,172.6182776,-43.36258259
M35/0395,172.5841745,-43.35227057
M35/0872,172.6605172,-43.37682581
M35/3289,172.6211123,-43.36320432
M35/0095,172.4583909,-43.34904273
M35/0384,172.5729999,-43.36213436
M35/0386,172.5729999,-43.36213436
M35/0388,172.5705317,-43.36212512
M35/0389,172.5779176,-43.36485396
M35/0390,172.538046,-43.35928816
M35/0699,172.6059654,-43.38284595
M35/0700,172.5852674,-43.37297589
M35/3548,172.5803797,-43.36576347
M35/4615,172.5187313,-43.36101842
M35/4726,172.5865384,-43.3675868
M35/4782,172.5729936,-43.36303479
M35/4787,172.5705317,-43.36212512
M35/4791,172.5754556,-43.3639444
M35/0096,172.4554482,-43.34695772
M35/0149,172.5109091,-43.35000874
M35/0153,172.463401,-43.33917037
M35/0164,172.4300637,-43.34350237
M35/0297,172.5696886,-43.36092435
M35/0385,172.5779301,-43.36305311
M35/0387,172.5680763,-43.36031497
M35/4714,172.574234,-43.36213896
M35/4722,172.5667226,-43.35976958
M35/4784,172.5717721,-43.36122932
M35/4790,172.576696,-43.36304855
M35/4795,172.5753933,-43.36225132
M35/4841,172.576696,-43.36304855
M35/2528,172.6653597,-43.50174895
M35/1725,172.6537093,-43.48842392
M35/7281,172.5933128,-43.52094661
M35/2557,172.5632267,-43.50456493
M35/2454,172.5636835,-43.50469273
M35/2628,172.5878779,-43.49044767
M35/1945,172.621544,-43.50205353
M35/1944,172.6215563,-43.50206258
M35/1946,172.621544,-43.50204453
M35/1976,172.6603373,-43.51282742
M35/1870,172.6601387,-43.51293488
M35/1476,172.6145545,-43.4924136
M35/1475,172.6145172,-43.49244049
M35/1344,172.6046095,-43.49069584
M35/1366,172.5874203,-43.49044602
M35/2159,172.660461,-43.51282778
M35/6667,172.5932565,-43.51459841
M35/5403,172.5628142,-43.49315492
M35/4112,172.5929225,-43.51457921
M35/2379,172.5929596,-43.51458835
M35/2468,172.5929225,-43.51457921
M35/2465,172.5929475,-43.51455229
M35/1649,172.5585354,-43.48629521
M35/2556,172.6354833,-43.5125708
M35/2164,172.6358781,-43.51277015
M35/1978,172.6356682,-43.51268844
M35/2585,172.5990435,-43.50574964
M35/2054,172.5990436,-43.50573163
M35/6791,172.5356179,-43.51885395
M35/6040,172.5476862,-43.51661525
M35/5682,172.6160367,-43.54149182
M35/5628,172.6383517,-43.53774679
M35/5683,172.6167811,-43.54122419
M35/3660,172.6838162,-43.48973572
M35/4133,172.6841258,-43.48967354
M35/4446,172.6249994,-43.53333672
M35/2788,172.6832649,-43.50057537
M35/2801,172.6511796,-43.53041217
M35/2884,172.7136985,-43.50486963
M35/3084,172.5832455,-43.52382774
M35/3083,172.58238,-43.52373454
M35/3098,172.6218537,-43.52773473
M35/3085,172.5831162,-43.52463765
M35/2572,172.6274303,-43.54053905
M35/2683,172.626217,-43.53658223
M35/2682,172.6269444,-43.53703482
M35/2260,172.6832401,-43.50059331
M35/2249,172.5358155,-43.51889978
M35/2266,172.7145346,-43.51119273
M35/2276,172.7136852,-43.50504968
M35/2325,172.6302315,-43.52168426
M35/2472,172.5516785,-43.51717123
M35/2109,172.6274579,-43.53604603
M35/2132,172.7136739,-43.50483355
M35/2114,172.6336353,-43.53786684
M35/2158,172.6511931,-43.53022312
M35/2152,172.6816782,-43.52475644
M35/2162,172.6413521,-43.52852689
M35/2199,172.6361378,-43.53337271
M35/2241,172.6818145,-43.52472981
M35/2243,172.6303177,-43.52173856
M35/1932,172.6393781,-43.52960119
M35/1975,172.6833018,-43.50062049
M35/1982,172.6386291,-43.53067934
M35/2045,172.7191708,-43.50120045
M35/1711,172.6413399,-43.53059783
M35/1546,172.684349,-43.4895571
M35/6038,172.7145722,-43.51108477
M35/2245,172.5823986,-43.52103333
M35/2108,172.6076971,-43.53147781
M35/1877,172.576248,-43.5335266
M35/1943,172.6068002,-43.53236615
M35/1941,172.6014869,-43.53109617
M35/1987,172.6015733,-43.53112348
M35/1852,172.5761989,-43.53347239
M35/1851,172.5763593,-43.53354502
M35/3599,172.6032375,-43.5377834
M35/2534,172.6076445,-43.53958144
M35/2529,172.6076445,-43.53958144
M36/5325,172.7028488,-43.55545482
M36/7535,172.6972403,-43.55297295
M35/5135,172.6980624,-43.54453817
M35/5227,172.6534261,-43.53791953
M35/2790,172.7052213,-43.52081267
M35/2789,172.7052583,-43.52084878
M35/2805,172.6910236,-43.54362795
M35/2554,172.6910857,-43.5436011
M35/2555,172.7053694,-43.52090309
M35/2587,172.6682194,-43.53971924
M35/2242,172.7369603,-43.53210038
M35/6107,172.6982106,-43.54459259
M35/1872,172.7371575,-43.53228993
M36/3127,172.6024037,-43.56484715
M36/3864,172.5547399,-43.56522071
M36/4053,172.5708066,-43.57132396
M36/2452,172.5900956,-43.55932013
M36/1376,172.571559,-43.56824735
M36/0914,172.5542426,-43.5654889
M36/5895,172.7481304,-43.54828813
M36/5894,172.7480567,-43.54815291
M36/5893,172.747983,-43.54800868
M35/2609,172.7199314,-43.49186485
M35/1606,172.7198078,-43.49185555
M35/1554,172.7198567,-43.49198173
M35/2960,172.7216396,-43.49963974
M35/2961,172.7240695,-43.49843005
M36/1244,172.7126315,-43.57589232
M36/0950,172.7101545,-43.57588607
M36/2591,172.698053,-43.56872344
M36/1160,172.6959609,-43.56859184
M36/1158,172.6959608,-43.56860985
M35/2416,172.6515088,-43.4990243
M36/4595,172.6892331,-43.55965059
M36/4565,172.6351498,-43.5494421
M36/4730,172.67991,-43.55257458
M36/4628,172.67991,-43.55257458
M36/6890,172.5540042,-43.56087783
M36/3174,172.6855097,-43.55421988
M36/3981,172.5711288,-43.55907048
M36/4035,172.5642719,-43.54841959
M36/2050,172.554152,-43.56098645
M36/1942,172.545363,-43.55905196
M36/2207,172.6269464,-43.56682075
M36/2195,172.6329794,-43.56438213
M36/2437,172.5656191,-43.55561007
M36/2276,172.6674249,-43.55140441
M36/2528,172.5966251,-43.54566597
M36/2535,172.605081,-43.55306994
M36/2828,172.6389551,-43.56107861
M36/3050,172.5493366,-43.55916674
M36/1210,172.6143042,-43.56472584
M36/1197,172.6468946,-43.56486716
M36/1221,172.6879487,-43.56142092
M36/1219,172.6597021,-43.54878848
M36/1225,172.6144046,-43.56451008
M36/1363,172.6385186,-43.56159947
M36/1609,172.5567658,-43.56082554
M36/1894,172.6657011,-43.55641473
M36/1818,172.5403012,-43.55876159
M36/1917,172.6868217,-43.56384897
M36/1076,172.5436713,-43.55845094
M36/1088,172.6520869,-43.55556373
M36/1079,172.6888201,-43.55809174
M36/1110,172.6404092,-43.56226274
M36/1099,172.5935754,-43.55002221
M36/1129,172.6380151,-43.56090456
M36/1113,172.6375432,-43.56113717
M36/1150,172.6894659,-43.5553112
M36/1132,172.6914495,-43.55477632
M36/1185,172.6467943,-43.56508295
M36/1163,172.6869303,-43.56438952
M36/1195,172.6384969,-43.56109517
M36/1187,172.6790152,-43.55788455
M36/0976,172.6143429,-43.56448286
M36/0974,172.6355212,-43.54944329
M36/0981,172.5929412,-43.55412587
M36/0978,172.6379901,-43.5609585
M36/0992,172.6381511,-43.56095001
M36/0985,172.6385886,-43.56232003
M36/1045,172.6833858,-43.54842431
M36/1016,172.6464797,-43.55111646
M36/1053,172.5939565,-43.55041975
M36/1046,172.6833981,-43.54844235
M36/1056,172.6834723,-43.54846057
M36/1055,172.614119,-43.56463518
M36/1058,172.5929289,-43.55411683
M36/1057,172.6596647,-43.54883339
M36/1059,172.5930641,-43.55426137
M36/0927,172.5458198,-43.54933824
M36/0926,172.5458198,-43.54933824
M36/0929,172.5457077,-43.54942784
M36/0928,172.5458191,-43.54942828
M36/0930,172.5456967,-43.54924771
M36/0938,172.5371399,-43.55281507
M36/0944,172.5246504,-43.55096299
M36/0967,172.6354101,-43.54938891
M36/0973,172.6351505,-43.54932505
M36/0972,172.6352508,-43.54911827
M36/0909,172.5308262,-43.55278934
M36/0910,172.6384377,-43.56271574
M36/0917,172.5555206,-43.56009136
M36/0916,172.5542625,-43.56278772
M36/0919,172.5493299,-43.56006713
M36/0918,172.5652053,-43.55634684
M36/0921,172.5382129,-43.55822193
M36/0920,172.5410609,-43.55654961
M36/0923,172.5320294,-43.55729637
M36/0925,172.5703463,-43.56465013
M36/0899,172.5368909,-43.55299415
M35/5600,172.5372921,-43.53292537
M35/3719,172.5422803,-43.54429077
M35/3667,172.6308451,-43.54685308
M35/3789,172.6718862,-43.54600577
M35/3777,172.5742448,-43.53856153
M36/3867,172.5645694,-43.55868551
M35/3170,172.5748941,-43.54655069
M35/3218,172.5603871,-43.53787879
M35/2787,172.609013,-43.54615921
M35/2959,172.5214892,-43.51865163
M36/1139,172.700335,-43.56055364
M36/1134,172.6954004,-43.55694792
M35/3024,172.6434922,-43.54338157
M35/2270,172.6090883,-43.5460064
M35/2271,172.5362786,-43.54243873
M35/2474,172.5581547,-43.53850048
M35/2235,172.5581547,-43.53850048
M36/1024,172.6976146,-43.55982614
M36/0979,172.6911875,-43.5551808
M35/1878,172.5379179,-43.54172503
M35/1883,172.5475889,-43.53956668
M35/1847,172.5494975,-43.53756627
M35/1850,172.569262,-43.54303597
M35/1849,172.5352456,-43.54156113
M35/1857,172.5487554,-43.5391661
M35/1854,172.5419967,-43.53107143
M35/1861,172.5372921,-43.53292537
M35/1860,172.5566859,-43.53793653
M35/1862,172.5557388,-43.53038731
M35/18612,172.6329,-43.5468687
M35/1864,172.5248936,-43.54522832
M35/1863,172.5335382,-43.52219507
BX24/0347,172.6464669,-43.55118846
M36/1159,172.6961604,-43.56338795
M36/4906,172.6889373,-43.56178378
M35/4189,172.6076844,-43.54487606
N36/0010,172.9629496,-43.80888372
N36/0005,172.9290896,-43.74991947
M36/0734,172.6857434,-43.74952746
M36/0843,172.699505,-43.72976485
M36/1344,172.6818609,-43.75792635
M36/1436,172.6567205,-43.77268299
M36/4400,172.5647883,-43.667501
M36/0809,172.5677518,-43.59325558
M36/3749,172.5455941,-43.56455444
M36/3833,172.5467784,-43.57175347
M36/3832,172.5505078,-43.56817553
M36/4017,172.5477966,-43.5680748
M36/2813,172.5542294,-43.56728969
M36/2812,172.5542294,-43.56728969
M36/3087,172.5455941,-43.56455444
M36/1375,172.5628779,-43.57001533
M36/1374,172.5604077,-43.56910544
M36/1939,172.5492719,-43.56453298
M36/1077,172.5472145,-43.56312019
M36/0936,172.5566234,-43.5785452
M36/0940,172.5480167,-43.57175838
M36/0912,172.5480235,-43.57085799
M36/0913,172.5497637,-43.56998244
M36/0892,172.5590906,-43.57990537
M36/3085,172.5468035,-43.56344272
M36/1470,172.6175473,-43.73492236
M36/1482,172.5975894,-43.75015147
M36/1483,172.5926273,-43.74923351
M36/1485,172.5899058,-43.72942417
M36/0247,172.512285,-43.59522042
M36/0275,172.5097822,-43.58456682
M36/0276,172.5127665,-43.58313891
M36/0277,172.5194196,-43.5860484
M36/0278,172.5119491,-43.59231965
M36/0284,172.5165471,-43.59053836
M36/0839,172.5173153,-43.58586846
M36/0852,172.5169475,-43.5869384
M36/0859,172.5243105,-43.59417258
M36/0863,172.5214101,-43.59122513
M36/0864,172.5175719,-43.58631074
M36/0870,172.5170068,-43.58571408
M36/0895,172.520644,-43.58785437
M36/0904,172.5218613,-43.59056071
M36/0941,172.5218685,-43.58966033
M36/0942,172.5206297,-43.58965514
M36/0943,172.5206297,-43.58965514
M36/4256,172.5114988,-43.58673516
M36/0249,172.5165713,-43.57513236
M36/0905,172.5305886,-43.58339356
M36/2042,172.5495486,-43.59718315
M36/3711,172.5491543,-43.58526911
M36/3747,172.5411549,-43.56210558
M36/3746,172.5423672,-43.56553202
M36/3748,172.5400357,-43.56273137
M36/3902,172.5447802,-43.57068304
M36/4046,172.5428346,-43.57413288
M36/2961,172.5302583,-43.55896388
M36/1293,172.5397647,-43.56580071
M36/1075,172.5368369,-43.57621572
M36/0933,172.5394301,-43.57721665
M36/0934,172.54554,-43.57174856
M36/0908,172.5405591,-43.57533032
M36/0922,172.5357228,-43.56001268
M36/0924,172.5307563,-43.56179324
M36/0887,172.5421335,-43.56532399
M36/0889,172.5240688,-43.57139107
M36/0888,172.5390331,-43.57080408
M36/0891,172.5409279,-43.57569197
M36/0894,172.5221461,-43.55455423
M36/0901,172.5442337,-43.58074752
M36/0907,172.5393138,-43.57622572
M36/0906,172.5430564,-43.57263908
M36/0117,172.5092229,-43.62290396
M36/0291,172.5146848,-43.60645877
M36/0609,172.5151812,-43.6526338
M36/0610,172.5101991,-43.65531377
M36/0614,172.5195005,-43.65526321
M36/0615,172.5150797,-43.66523902
M36/0747,172.5642819,-43.72033444
M36/0762,172.5399282,-43.6581385
M36/0784,172.5618056,-43.71942458
M36/0842,172.5303576,-43.61309724
M36/0869,172.5387585,-43.68456057
M36/0872,172.5347541,-43.66007144
M36/0879,172.5415981,-43.62609075
M36/0945,172.541134,-43.66264537
M36/1229,172.5635048,-43.60323403
M36/1247,172.5587281,-43.63120945
M36/1268,172.5550558,-43.62489236
M36/1318,172.5343105,-43.6227748
M36/1900,172.5112713,-43.67601861
M36/1901,172.5333855,-43.6830441
M36/1925,172.553068,-43.62551489
M36/2051,172.5490065,-43.60506862
M36/2052,172.5551885,-43.60689367
M36/2181,172.5585568,-43.65461034
M36/2679,172.5320672,-43.66110494
M36/3309,172.5130326,-43.61158409
M36/3712,172.5055866,-43.68393569
M36/3853,172.5685311,-43.62809544
M36/4371,172.568851,-43.70640464
M36/4788,172.5168444,-43.63078799
M36/0243,172.5066961,-43.6333018
M36/0611,172.511483,-43.64991684
M36/0612,172.5196324,-43.65427332
M36/1981,172.5251298,-43.64907394
M36/0294,172.4757007,-43.6308588
M36/0295,172.4719977,-43.62904094
M36/0166,172.4310886,-43.63065449
M36/0169,172.4238099,-43.61531109
M36/0212,172.4308516,-43.62029862
M36/0233,172.4434511,-43.63430797
M36/0292,172.3964295,-43.62687512
M36/0293,172.415136,-43.62796281
M36/0305,172.4509135,-43.63164284
M36/0306,172.4248518,-43.63601672
M36/0307,172.4335677,-43.6306668
M36/0321,172.4252861,-43.62036082
M36/0499,172.450665,-43.64531881
M36/0510,172.4670387,-43.64454994
M36/0511,172.4656702,-43.6450748
M36/0515,172.4737288,-43.65084776
M36/0517,172.4717024,-43.64294186
M36/0536,172.424753,-43.64637089
M36/0548,172.4171701,-43.66118013
M36/0573,172.4185733,-43.64172054
M36/0577,172.4693959,-43.6429852
M36/0578,172.4552123,-43.69366511
M36/0593,172.474367,-43.64165756
M36/0599,172.4263825,-43.66146083
M36/0617,172.436686,-43.66974174
M36/0618,172.4461656,-43.67618091
M36/0619,172.463411,-43.67459743
M36/0620,172.4506264,-43.66314662
M36/0621,172.4605806,-43.65959242
M36/0622,172.4680374,-43.65782656
M36/0627,172.4706159,-43.64524187
M36/0628,172.4830378,-43.64259751
M36/0631,172.4768387,-43.6425693
M36/1249,172.4680229,-43.63839575
M36/1332,172.4717772,-43.64289718
M36/1337,172.4306363,-43.61947818
M36/1595,172.4681283,-43.64613073
M36/1597,172.4642805,-43.64517634
M36/1961,172.4769724,-43.63859012
M36/1966,172.4818212,-43.63989078
M36/2284,172.4489026,-43.62244
M36/2285,172.4535261,-43.62376779
M36/2857,172.465274,-43.64500091
M36/3139,172.4762889,-43.64449365
M36/3596,172.4604919,-43.66949642
L35/0171,172.0408181,-43.49031863
L35/0175,172.0153855,-43.47618186
L35/0208,172.0557447,-43.53401428
L35/0107,171.9323729,-43.33751709
L35/0108,171.925733,-43.33628433
L35/0130,171.9903159,-43.38368683
L35/0196,171.9294807,-43.33361813
L35/0198,172.0061867,-43.39462212
L35/0217,171.9243604,-43.33717188
L35/0222,171.990975,-43.38117141
L35/0558,171.929074,-43.33570336
L36/0039,172.094534,-43.57522494
L36/0045,172.1022434,-43.57814905
L36/0317,172.089869,-43.58893717
L36/0376,172.1022969,-43.57454782
M36/0459,172.3513009,-43.67613211
M36/0460,172.3705547,-43.67371864
M36/0461,172.3552728,-43.65275316
M36/1334,172.380256,-43.68691748
M36/1335,172.3878831,-43.68850726
M36/0447,172.3736204,-43.65686196
M36/0462,172.363983,-43.64641809
M36/0596,172.3887373,-43.66670415
M36/0613,172.4009617,-43.67100075
M36/0629,172.3979499,-43.66950827
M36/0726,172.3991313,-43.67915777
M36/3588,172.3958139,-43.66604847
L35/0157,171.9617296,-43.54006029
L35/0158,171.9545953,-43.53747411
L35/0159,171.9525211,-43.53646466
L35/0160,171.9457477,-43.53452053
L35/0161,171.9471574,-43.52462893
L35/0581,171.9561296,-43.53749713
L35/0583,171.9578252,-43.53678326
L35/0878,171.803919,-43.51487321
L36/0647,171.935262,-43.54734432
L36/1480,172.0153099,-43.5553912
L35/0205,172.0151113,-43.52348772
L35/0261,171.8974634,-43.46745193
L36/0030,172.0884262,-43.58768311
L36/0062,172.0417251,-43.55415699
L36/0075,172.0597253,-43.5733232
L36/0584,172.0641614,-43.56516584
M36/0454,172.330443,-43.65531162
M36/0457,172.3170135,-43.66177809
M36/0463,172.3291652,-43.65980614
M36/0467,172.3054781,-43.67046949
M36/0472,172.3697385,-43.69243343
M36/2617,172.3194042,-43.68729166
M36/3467,172.4134675,-43.70007645
M36/3682,172.3214506,-43.6840624
M36/7734,172.3192944,-43.68711994
BX23/0854,172.3651535,-43.6388792
L35/0009,172.1620964,-43.51509696
L35/0169,172.0312185,-43.3960075
L35/0187,172.2242377,-43.50104766
L35/0190,172.1746903,-43.48795071
L35/0191,172.2116894,-43.49482092
L35/0202,172.1710246,-43.54074299
L35/0223,172.0310907,-43.39627655
L35/0224,172.0314582,-43.39645975
L35/0226,172.0320626,-43.39727526
L35/0227,172.0323139,-43.39700726
L35/0228,172.0324445,-43.39655814
L35/0230,172.0324302,-43.39745846
L35/0231,172.0330504,-43.39728362
L35/0232,172.0338055,-43.39638956
L35/0233,172.0335457,-43.39719776
L35/0235,172.0315645,-43.39754118
L35/0237,172.0332644,-43.39935644
L35/0238,172.0341109,-43.39970576
L35/0239,172.0353734,-43.39874394
L35/0277,172.0816325,-43.48283805
L35/0596,172.0510856,-43.41981057
L35/0623,172.1458965,-43.51979435
L35/0910,172.1459838,-43.51974097
L36/0065,172.1267807,-43.57116282
L36/0089,172.2108558,-43.5635353
L36/0322,172.2481149,-43.61623541
L36/0366,172.2459088,-43.60731583
L36/1240,172.1890101,-43.56561545
L36/1543,172.1665083,-43.58553282
L36/2094,172.1891878,-43.56529256
M35/0911,172.3207513,-43.4905955
M35/0920,172.2637012,-43.47115326
M35/0922,172.3050381,-43.4922389
M35/0940,172.2817559,-43.47499588
M35/0970,172.3735381,-43.51907125
M35/0974,172.3084426,-43.50928661
M35/0977,172.3636129,-43.50747298
M35/0978,172.3480847,-43.52496179
M35/0985,172.3628044,-43.52552199
M35/0991,172.3677502,-43.52590962
M35/0993,172.3384685,-43.52846322
M35/1000,172.3208809,-43.52757674
M35/1001,172.3613792,-43.51164751
M35/1002,172.3334796,-43.50276315
M35/1003,172.3683997,-43.54430882
M35/1004,172.3555497,-43.50954382
M35/1005,172.3604828,-43.5110122
M35/1006,172.3739789,-43.50874579
M35/1007,172.355405,-43.52313942
M35/1012,172.3640333,-43.52633922
M35/1013,172.3793057,-43.52012018
M35/1014,172.3578797,-43.52315334
M35/1015,172.3578511,-43.52585445
M35/1016,172.3690128,-43.5223149
M35/1017,172.371087,-43.51323204
M35/1018,172.3442787,-43.52217572
M35/1019,172.3690034,-43.52321527
M35/1020,172.368994,-43.52411564
M35/1021,172.3665317,-43.52410203
M35/1022,172.3317809,-43.5221934
M35/1027,172.4306437,-43.53325441
M35/1059,172.4294772,-43.53883121
M35/1069,172.4555048,-43.53355559
M35/1076,172.39831,-43.52400355
M35/1093,172.4055101,-43.52669746
M35/1104,172.3921546,-43.54548207
M35/1105,172.3864084,-43.51520618
M35/1117,172.3962431,-43.52156151
M35/1118,172.3941513,-43.5203799
M35/1126,172.4097535,-43.53062729
M35/1127,172.415183,-43.54506193
M35/1132,172.3921117,-43.5189464
M35/1133,172.3851347,-43.51880104
M35/1134,172.3851712,-43.51519954
M35/1135,172.3814781,-43.51337877
M35/1136,172.3898126,-43.5211672
M35/1137,172.4059738,-43.53871151
M35/1138,172.4412252,-43.53996973
M35/1143,172.3877065,-43.52142607
M35/1144,172.3909244,-43.52135322
M35/1152,172.3975928,-43.51897541
M35/2636,172.3491426,-43.53129778
M35/2641,172.3747465,-43.54223672
M35/2705,172.3515587,-43.52410813
M35/2767,172.3405079,-43.52755657
M35/2874,172.3984941,-43.54407493
M35/3174,172.3672859,-43.519424
M35/3378,172.4313328,-43.52971917
M35/4971,172.3597759,-43.50765866
M35/5058,172.3209903,-43.52555144
M35/5224,172.3947718,-43.5449557
M35/5509,172.3583826,-43.52357036
M35/5772,172.3937765,-43.52073808
M35/5918,172.3927668,-43.52024649
M35/6066,172.3281461,-43.5274846
M35/6067,172.3417552,-43.52666334
M35/6068,172.3293935,-43.5265915
M36/0011,172.3434217,-43.60228092
M36/0013,172.3806983,-43.59078358
M36/0017,172.3261367,-43.59677787
M36/0020,172.3718961,-43.60334132
M36/0023,172.3181685,-43.60024223
M36/0025,172.2960076,-43.63170323
M36/0026,172.3682583,-43.59575782
M36/0028,172.3595349,-43.6005715
M36/0030,172.3477576,-43.59775866
M36/0038,172.3791634,-43.61957939
M36/0039,172.2741527,-43.60492349
M36/0040,172.2605577,-43.56058105
M36/0045,172.2651991,-43.62487335
M36/0046,172.3525162,-43.56183216
M36/0047,172.3715462,-43.6357541
M36/0049,172.3228159,-43.59460626
M36/0050,172.3087435,-43.60207649
M36/0052,172.370319,-43.63573835
M36/0053,172.3756057,-43.55493734
M36/0054,172.3652228,-43.56630646
M36/0055,172.3109543,-43.62549146
M36/0056,172.2910177,-43.63437361
M36/0057,172.3147645,-43.6174197
M36/0058,172.354351,-43.62304358
M36/0059,172.3166695,-43.60131377
M36/0060,172.3298332,-43.59860042
M36/0061,172.3348086,-43.59682866
M36/0062,172.2779637,-43.58568782
M36/0063,172.2925001,-43.61368244
M36/0064,172.3556932,-43.61225525
M36/0065,172.2786233,-43.63519647
M36/0066,172.3644432,-43.60510095
M36/0067,172.3708353,-43.58623666
M36/0068,172.3179322,-43.55532814
M36/0069,172.343908,-43.55638058
M36/0070,172.3771399,-43.57546621
M36/0071,172.317251,-43.61563376
M36/0072,172.3712305,-43.54825026
M36/0084,172.3635839,-43.59258045
M36/0085,172.3404566,-43.59696043
M36/0086,172.3446705,-43.60138767
M36/0101,172.425477,-43.56905626
M36/0103,172.3819647,-43.58808919
M36/0111,172.4709581,-43.54965564
M36/0153,172.4851004,-43.63191899
M36/0163,172.4743057,-43.62165923
M36/0170,172.4887474,-43.55260891
M36/0172,172.3888149,-43.55870043
M36/0197,172.403766,-43.54923494
M36/0198,172.4590726,-43.54978011
M36/0204,172.3978128,-43.61247588
M36/0209,172.4782421,-43.62367617
M36/0210,172.4646723,-43.61641016
M36/0211,172.4678936,-43.61651524
M36/0217,172.4169205,-43.5741273
M36/0248,172.4990212,-43.59016577
M36/0250,172.4906546,-43.60541781
M36/0251,172.4674992,-43.60362852
M36/0252,172.4518125,-43.59136279
M36/0253,172.424437,-43.60413116
M36/0254,172.4165484,-43.59727505
M36/0255,172.3921379,-43.60870014
M36/0256,172.3987996,-43.56315641
M36/0257,172.4439264,-43.56119679
M36/0261,172.4017444,-43.55336631
M36/0262,172.4562731,-43.58576551
M36/0263,172.4575522,-43.58126952
M36/0264,172.3946496,-43.56952747
M36/0265,172.4352652,-43.55523859
M36/0266,172.3860707,-43.54851099
M36/0267,172.4489109,-43.54820987
M36/0268,172.4874865,-43.55530453
M36/0269,172.4857293,-43.57267471
M36/0270,172.4810847,-43.58137875
M36/0271,172.4615213,-43.5681332
M36/0272,172.5098395,-43.59276984
M36/0273,172.4976409,-43.56993638
M36/0274,172.4689285,-43.55521983
M36/0279,172.5011378,-43.58137797
M36/0281,172.5133185,-43.57611802
M36/0282,172.5086793,-43.61354637
M36/0283,172.4917197,-43.56720895
M36/0285,172.4180482,-43.55605267
M36/0286,172.4310466,-43.55620813
M36/0287,172.38565,-43.58990988
M36/0288,172.4115348,-43.59049626
M36/0289,172.4053188,-43.60532089
M36/0290,172.407788,-43.60623412
M36/0296,172.4559692,-43.62087112
M36/0297,172.4806425,-43.61984235
M36/0298,172.4129193,-43.58825234
M36/0299,172.4141231,-43.59186017
M36/0300,172.4263273,-43.6099213
M36/0301,172.4437498,-43.6019127
M36/0302,172.4411969,-43.60999495
M36/0303,172.4448398,-43.61811638
M36/0304,172.462258,-43.60919554
M36/0308,172.4843777,-43.63089827
M36/0309,172.5082987,-43.58420028
M36/0310,172.5083134,-43.58239951
M36/0311,172.4662977,-43.61479702
M36/0312,172.4758023,-43.61916296
M36/0313,172.4649376,-43.61444851
M36/0327,172.5038776,-43.56448007
M36/0328,172.4053542,-43.60171943
M36/0451,172.2988817,-43.64359724
M36/0455,172.3680116,-43.63588768
M36/0456,172.3652652,-43.63887082
M36/0458,172.3305629,-43.64451649
M36/0465,172.3493652,-43.63367613
M36/0469,172.4609706,-43.61459194
M36/0719,172.4787706,-43.56246848
M36/0911,172.5109253,-43.56576201
M36/1245,172.4118337,-43.5737951
M36/1298,172.4466547,-43.59725366
M36/1365,172.285001,-43.61903823
M36/1599,172.5080612,-43.61336363
M36/1601,172.3196724,-43.59981899
M36/1817,172.4465792,-43.59737935
M36/1842,172.4202723,-43.55651418
M36/2232,172.5080078,-43.57429445
M36/2405,172.4781236,-43.5628347
M36/2553,172.317251,-43.61563376
M36/2969,172.4070879,-43.55132318
M36/2986,172.3888892,-43.55870083
M36/3071,172.4491,-43.56685846
M36/3181,172.4193972,-43.57028613
M36/3243,172.4388765,-43.56633151
M36/3566,172.3231251,-43.60018164
M36/3667,172.3062966,-43.59936043
M36/3668,172.3372961,-43.59594269
M36/3669,172.3385448,-43.59504951
M36/3670,172.331092,-43.59680697
M36/3791,172.4356265,-43.61333512
M36/3905,172.4076156,-43.56317542
M36/3922,172.3782996,-43.59515557
M36/3924,172.3147318,-43.61593383
M36/3941,172.3207671,-43.60052782
M36/3998,172.407431,-43.564327
M36/3999,172.4090597,-43.5649207
M36/4000,172.4100217,-43.56404326
M36/4003,172.4118377,-43.56320622
M36/4004,172.4172919,-43.56387345
M36/4005,172.4192993,-43.56758438
M36/4044,172.3062966,-43.59936043
M36/4045,172.3410616,-43.5914714
M36/4126,172.3704769,-43.55286526
M36/4151,172.3144121,-43.59934636
M36/4227,172.5091712,-43.58963353
M36/4281,172.5094872,-43.56749366
M36/4655,172.3706618,-43.59099889
M36/5248,172.4139411,-43.58635771
M36/5255,172.4806671,-43.61986047
M36/5790,172.5020882,-43.5817783
M36/5918,172.4196855,-43.60602501
M36/8187,172.3145861,-43.59929338
M36/4410,172.5115999,-43.56503556
M36/0939,172.5197058,-43.5500419
M36/0229,172.5014828,-43.54705554
M36/0181,172.5117221,-43.56369446
M36/0230,172.5122834,-43.5509109
M36/0893,172.5196844,-43.55274307
M36/0898,172.5156458,-43.54689131
M36/0896,172.5184536,-43.55183747
M35/6935,172.3868107,-43.47790362
M36/0143,172.5168599,-43.56691277
M35/9064,172.5037118,-43.51224585
M36/0179,172.5109799,-43.55900911
M36/0174,172.5138795,-43.55872433
M35/6654,172.3839915,-43.49737375
M35/6308,172.3914566,-43.50533749
M35/6360,172.4917241,-43.52838283
M35/5119,172.4376363,-43.50260253
M35/3653,172.5482671,-43.48517459
M35/3149,172.4911599,-43.51452279
M35/3109,172.428469,-43.51452374
M35/3160,172.424737,-43.51666605
M35/3212,172.4977494,-43.51214778
M35/3370,172.4836372,-43.53777402
M35/3547,172.5195044,-43.54111788
M35/3637,172.5014594,-43.5123351
M35/3614,172.5320781,-43.49335743
M35/3033,172.5246302,-43.5109931
M35/2718,172.4142894,-43.50949964
M35/2737,172.3623056,-43.5023873
M35/1846,172.5351722,-43.51887916
M35/1865,172.5217439,-43.54279305
M35/1839,172.514884,-43.53382296
M35/1843,172.5272389,-43.53657598
M35/1841,172.5223025,-43.53475461
M35/1382,172.5423885,-43.48905008
M35/1342,172.5431836,-43.48857603
M35/1340,172.5395297,-43.48930873
M35/1119,172.4457443,-43.51821049
M35/1116,172.4415393,-43.51800995
M35/1121,172.4959692,-43.51644399
M35/1120,172.4614483,-43.50540945
M35/1123,172.4781029,-43.50926847
M35/1122,172.5064021,-43.51308589
M35/1125,172.4308926,-43.51993838
M35/1124,172.470521,-43.51472621
M35/1129,172.4505953,-43.52902999
M35/1128,172.4837938,-43.53827897
M35/1131,172.499802,-43.53924154
M35/1130,172.4773427,-43.51133598
M35/1151,172.3765944,-43.50704927
M35/1064,172.4557476,-43.50655301
M35/1071,172.4248857,-43.50100838
M35/1070,172.4333963,-43.52742434
M35/1096,172.4599874,-43.52773311
M35/1090,172.4260978,-43.50362571
M35/1101,172.5087084,-43.53379659
M35/1100,172.5001185,-43.5278976
M35/1103,172.4974655,-43.54635363
M35/1102,172.4900612,-43.54361958
M35/1109,172.4845533,-43.53630147
M35/11059,172.3840657,-43.49738316
M35/1111,172.5113709,-43.5075426
M35/1110,172.5023328,-43.52197346
M35/1115,172.4448426,-43.50319601
M35/1113,172.400454,-43.50242262
M35/1036,172.4999858,-43.54096215
M35/1034,172.5121236,-43.53849341
M35/1038,172.5015765,-43.54019473
M35/1037,172.4982829,-43.5388387
M35/1041,172.4987555,-43.54005634
M35/1039,172.5016455,-43.54083433
M35/1048,172.516064,-43.54103134
M35/1045,172.4645938,-43.52601695
M35/1050,172.4890806,-43.53660992
M35/1049,172.4900005,-43.53466011
M35/1052,172.4494738,-43.52988
M35/1051,172.4892502,-43.52824575
M35/1060,172.5025241,-43.53935246
M35/1058,172.4887053,-43.51363842
M35/1063,172.5098439,-43.54640737
M35/1062,172.4976075,-43.52924623
M35/0939,172.3742411,-43.49533987
M35/0938,172.3313302,-43.48456196
M35/0942,172.3557593,-43.48983466
M35/0941,172.3076451,-43.48055815
M35/0945,172.3865816,-43.49810802
M35/0943,172.3662332,-43.49232435
M35/0957,172.5111641,-43.48871375
M35/0951,172.4041394,-43.49748053
M35/0963,172.3828802,-43.49718768
M35/0998,172.3618004,-43.50337495
M35/0964,172.39105,-43.50024791
M35/1029,172.4555776,-43.52546113
M35/1025,172.4892757,-43.52815582
M35/0694,172.4852127,-43.5315322
M35/0931,172.3805047,-43.48394753
M35/0925,172.2866841,-43.47963693
M35/0937,172.3199603,-43.48503516
M35/0936,172.2938089,-43.48049154
BX23/0768,172.3849567,-43.48149538
BX23/0770,172.3850055,-43.48155868
BX23/0769,172.3849188,-43.48156721
BX21/0017,171.9207335,-43.55888644
BX22/0041,172.0161932,-43.59468375
BX22/0044,172.1281491,-43.64965277
L36/0003,171.9206226,-43.55885838
L36/0023,171.949412,-43.67400913
L36/0059,172.0161804,-43.59471065
L36/0107,172.1281502,-43.64958075
L36/0109,172.0281291,-43.63973407
L36/0121,172.1066256,-43.71466625
L36/0124,172.0893891,-43.65851664
L36/0200,172.1541481,-43.73028043
L36/0209,172.172734,-43.70154091
L36/0242,172.1916305,-43.74623644
L36/0287,172.2189051,-43.75002765
L36/0289,172.2238374,-43.75185302
L36/0319,172.0846114,-43.6603423
L36/0477,172.0695422,-43.72938887
L36/0518,171.9092867,-43.55718407
L36/0674,172.2210775,-43.7491691
L36/1131,171.9584464,-43.63362791
L36/1132,171.95985,-43.63849385
L36/1226,171.9329624,-43.57664029
L36/1313,171.8937875,-43.63417296
L36/2122,172.0280793,-43.63975165
M36/0666,172.2582503,-43.77648197
M36/0712,172.36043,-43.79876264
M36/0713,172.3344068,-43.81491991
M36/0714,172.2939215,-43.8117057
M37/0063,172.3547328,-43.82106001
M36/1448,172.5647935,-43.72682822
M36/1504,172.5704755,-43.73268426
M36/0473,172.3738807,-43.73797108
M36/0623,172.4216295,-43.71340787
M36/0624,172.4068355,-43.70433711
M36/0625,172.3955121,-43.71957548
M36/0665,172.2875915,-43.76577398
M36/0667,172.3155789,-43.76503562
M36/0668,172.3168417,-43.76324241
M36/0669,172.3205787,-43.7623643
M36/0671,172.3106717,-43.75960382
M36/0672,172.310558,-43.76950737
M36/0673,172.3081043,-43.76679139
M36/0710,172.3402371,-43.78227892
M36/0857,172.5277698,-43.72040551
M36/1497,172.5666739,-43.73294003
M36/1498,172.5654388,-43.73203495
M36/1502,172.5654518,-43.73023421
M36/20713,172.4155552,-43.71128806
M36/2768,172.5353248,-43.74200087
M36/2770,172.5529507,-43.74324168
M36/2771,172.5416473,-43.74672643
M36/2782,172.5232752,-43.72672563
M36/3303,172.5307273,-43.73276208
M36/3683,172.4154531,-43.71157566
M36/4566,172.3085961,-43.76724456
M36/4567,172.3142749,-43.77043011
M36/7568,172.5708353,-43.73271262
M37/0005,172.363024,-43.85060279
M37/0009,172.476926,-43.83509121
M37/0073,172.5747792,-43.81757068
M37/0079,172.4899859,-43.83514124
L36/0187,172.2144597,-43.65774283
L36/0214,172.1876649,-43.65734845
L36/0216,172.2486679,-43.66237575
L36/0218,172.2478275,-43.68001805
L36/0232,172.1964746,-43.66166061
L36/0233,172.1977267,-43.66076901
L36/0234,172.1916106,-43.65442311
L36/0241,172.1915623,-43.65802437
L36/0601,172.1947034,-43.65962225
M36/0360,172.3027076,-43.69655515
M36/0423,172.3478066,-43.72155521
M36/0466,172.3176573,-43.6903426
M36/0468,172.2856343,-43.67124759
M36/0470,172.3187644,-43.7131202
M36/0471,172.3434836,-43.72406956
M36/0478,172.2785398,-43.69499154
M36/0479,172.2668223,-43.68912743
M36/1943,172.287694,-43.69637254
M36/3095,172.3602063,-43.73464495
M36/0474,172.3308453,-43.73182067
L36/0215,172.2047634,-43.69142271
L36/0217,172.2200731,-43.68012918
L36/0219,172.1954218,-43.66248158
L36/0220,172.2245228,-43.69875263
L36/0221,172.187777,-43.68398305
L36/0223,172.2209345,-43.71709625
L36/0224,172.2391077,-43.72795134
L36/0235,172.1915382,-43.659825
L36/0236,172.1927783,-43.65983377
L36/0237,172.190286,-43.66071654
L36/0238,172.1839236,-43.66346253
L36/0239,172.1844184,-43.66355611
L36/0240,172.1865292,-43.66339107
L36/0341,172.2469482,-43.69079902
L36/0431,172.1976547,-43.6661709
L36/0432,172.1976547,-43.6661709
L36/0682,172.2381612,-43.71935531
L36/0725,172.1844086,-43.67252401
M36/3675,172.3275723,-43.74800847
M36/0475,172.3145934,-43.74252904
M36/0476,172.3081124,-43.72296053
M36/0477,172.2826496,-43.71352952
M36/0480,172.2560797,-43.70093424
M36/0481,172.2894799,-43.73428118
M36/0483,172.3220221,-43.74455421
M36/0484,172.3281933,-43.74801212
M36/0485,172.3294429,-43.74621868
M36/0486,172.3269412,-43.74890514
M36/0487,172.3269715,-43.74620416
M36/0651,172.3541865,-43.76095645
M36/0674,172.329797,-43.75010143
M36/1246,172.2775132,-43.72880383
M36/1545,172.2580817,-43.69357302
M36/1548,172.2568075,-43.69626592
M36/2639,172.3232589,-43.74501173
M36/3063,172.3244877,-43.74618951
M36/3200,172.3231317,-43.74528109
M36/3671,172.3222593,-43.74554604
M36/3672,172.3232559,-43.74528183
M36/3673,172.3232457,-43.74618216
M36/3674,172.3269513,-43.74800482
M36/3676,172.3288119,-43.74711537
M36/3722,172.3127142,-43.74395838
M36/3723,172.3127142,-43.74395838
M36/5128,172.3282562,-43.74682398
M36/0640,172.2982412,-43.76132894
M36/0663,172.2772534,-43.75040251
M36/0670,172.2987551,-43.76093592
L36/0222,172.1980681,-43.72918342
L36/0225,172.2520756,-43.74746733
L36/0226,172.2202539,-43.74085291
L36/0227,172.2101022,-43.7289881
L36/0228,172.1894502,-43.72372029
L36/0229,172.228944,-43.74109194
L36/0230,172.2214175,-43.74689344
L36/0231,172.2414415,-43.73487285
L36/0583,172.2202551,-43.74076287
L36/0683,172.2211714,-43.74671168
L36/0684,172.2307721,-43.74380542
M36/0664,172.2709422,-43.76893739
M36/0464,172.3596875,-43.70408271
M36/0626,172.3872523,-43.73703512
M36/2966,172.3834248,-43.73488061
M36/0711,172.3367609,-43.79544939
M36/0715,172.2848241,-43.78636647
M36/0717,172.2693977,-43.78455817
BY22/0031,172.2426856,-43.80164458
L36/0266,172.203493,-43.76954067
L36/0276,172.2462195,-43.79939899
L36/0283,172.2458246,-43.80312395
L36/0286,172.2209393,-43.78757853
L36/0288,172.2187647,-43.77036639
L36/0290,172.2524169,-43.81082048
L36/0421,172.2511843,-43.81095647
L36/0625,172.2458247,-43.80114312
L36/0821,172.2529221,-43.81019352
L36/0826,172.2489675,-43.80926722
L36/0871,172.2426113,-43.80162608
M36/0363,172.2737799,-43.80958965
M36/0699,172.258697,-43.81071733
M36/0708,172.2560469,-43.79583485
M36/0716,172.2740744,-43.80888923
M36/0718,172.2541944,-43.80786084
M36/0721,172.2591337,-43.81059411
M36/0722,172.2554152,-43.80966956
M36/0724,172.2578682,-43.81238665
M36/2497,172.2698561,-43.80815106
M36/4518,172.2604436,-43.80520032
M36/4950,172.2799445,-43.81287902
M36/4951,172.2790736,-43.81085669
M37/0064,172.3310075,-43.8476377
M37/0065,172.3196396,-43.83203014
M37/0069,172.3036478,-43.82961084
M37/0283,172.3578007,-43.85387792
M37/0311,172.2804116,-43.81954476
M37/0499,172.3122261,-43.83965695
M36/0373,172.4885722,-43.72092115
M37/0106,172.3750359,-43.85124535
M36/4349,172.6409845,-43.76110069
M36/1407,172.6785605,-43.81285857
M37/0078,172.4938181,-43.83794944
M37/0094,172.6925507,-43.81728191
M37/0287,172.5448044,-43.83485051
M36/0661,172.3503404,-43.76622893
M36/0662,172.3503317,-43.76703922
M37/0066,172.2980862,-43.85207715
M37/0068,172.285999,-43.8327703
M37/0461,172.3286244,-43.85711364
M37/0462,172.3286617,-43.85712286
M37/0463,172.3286988,-43.85714109
M36/0693,172.2532268,-43.81268055
M36/0698,172.2544975,-43.81348118
M36/0720,172.2557164,-43.81144527
M36/0723,172.2567789,-43.81499967
M36/4295,172.2574974,-43.81421201
M36/4517,172.2566115,-43.81345893
M37/0067,172.2812972,-43.85661871
M37/0070,172.2605108,-43.82192076
M37/0072,172.2602881,-43.8178046
M37/0124,172.2590669,-43.81599594
M37/0134,172.2618577,-43.82665644
M37/0268,172.275821,-43.8289697
M37/0269,172.2736851,-43.82972147
L36/0267,172.2061582,-43.78409138
L36/0285,172.2312322,-43.81067993
L36/0422,172.2518071,-43.81186093
L36/0820,172.2459962,-43.80825724
L36/1032,172.2418355,-43.81086782
L37/0475,172.2480174,-43.81859788
L37/0635,172.253132,-43.82427678
M37/0130,172.2849527,-43.87142571
M37/0242,172.2829476,-43.87257462
M37/0300,172.2544223,-43.82551872
BY22/0045,172.223462,-43.84037579
L36/0284,172.192076,-43.80818589
L36/0527,172.1545965,-43.78575646
L37/0462,172.2245065,-43.84809007
L37/0477,172.2384038,-43.8333724
L37/0478,172.208566,-43.83705927
L37/0531,172.224848,-43.849578
L37/0555,172.2235759,-43.8402235
M37/0071,172.2535621,-43.85961022
L37/0476,172.2481282,-43.88107539
L36/0362,172.0189172,-43.75010658
L36/0323,172.0140126,-43.71973935
L37/0552,172.2340006,-43.88198097
L36/0393,171.8713947,-43.64697383
L37/0553,172.2389249,-43.88727201
L36/0905,171.9843278,-43.80868925
L36/0885,171.938283,-43.80480429
L36/0925,171.8677011,-43.70824509
L36/0909,171.9849116,-43.80211269
L36/0948,171.786671,-43.79758674
L36/0933,171.8666769,-43.80532308
L36/1242,171.9200271,-43.73538498
L36/0980,171.9392059,-43.80253491
L36/1801,171.8989031,-43.75443362
L36/1309,171.7938731,-43.74851134
L37/0020,171.9542073,-43.9294267
L36/2414,171.7980189,-43.69400064
L37/0115,171.9508876,-43.82833041
L37/0084,172.0752487,-43.85948583
L37/0126,171.9472808,-43.81771786
K36/0489,171.7122124,-43.7518341
K36/0687,171.7477904,-43.66997016
K36/0684,171.622141,-43.58078972
K36/1074,171.7326584,-43.6298258
K36/1073,171.7493792,-43.71470089
BY22/0067,172.0855261,-43.87744983
L37/1182,172.1151506,-43.90350551
L37/1578,172.1167082,-43.9051202
L37/1713,172.0111218,-43.9636247
L37/0415,172.0614073,-43.87086167
L37/0556,172.0689177,-43.81772021
L37/0685,171.7704363,-43.85575716
L37/0609,172.0996865,-43.86039227
L37/0867,172.0109463,-43.96368621
L37/0693,172.0109464,-43.96367721
L37/1060,172.0624968,-43.86487417
L37/0148,172.0118888,-43.84277589
L37/0147,172.0582343,-43.87477016
L37/0197,171.8407199,-43.91313359
L37/0254,171.9809561,-43.86071869
L37/0297,171.9126969,-43.96704312
L37/0310,172.0948281,-43.89609841
L37/0309,171.8980003,-43.95824094
L37/0349,171.9435802,-43.87030129
L37/0337,172.0709966,-43.84322668
L37/0405,171.8374929,-43.83060948
L37/0130,171.8418967,-43.98790173
L37/1438,171.7798537,-43.90280297
L37/1453,171.7842064,-43.89757326
L37/0439,171.7797795,-43.90277516
L37/0443,171.7553838,-43.89865849
L37/0442,171.7556701,-43.89806737
L37/0567,171.7722973,-43.90087629
L37/0914,171.7784517,-43.8885443
L37/0876,171.7856455,-43.8996684
L37/0932,171.7848275,-43.89947963
L37/0918,171.7841321,-43.89755446
L37/0964,171.784892,-43.89998451
L37/0186,171.7716139,-43.88566187
L37/0149,171.7677131,-43.89372311
L37/0245,171.7703693,-43.88564848
L37/0259,171.7706509,-43.89374575
L37/0275,171.7566974,-43.88460017
L37/0403,171.7697522,-43.88176128
K36/0033,171.4913147,-43.6945412
K36/0172,171.4788422,-43.63468009
K36/0244,171.4350168,-43.64672088
BX20/0029,171.4347885,-43.64643864
K36/0104,171.6395734,-43.70139938
K36/0088,171.561361,-43.60690887
K36/0210,171.6021753,-43.6823821
K36/0119,171.5992573,-43.73577518
K37/0004,171.7210193,-43.83514555
K37/0087,171.7045427,-43.92570728
K37/0147,171.709442,-43.92611386
K37/0516,171.7150601,-43.92264779
K37/0563,171.7085533,-43.92458222
K37/0028,171.7323437,-43.91706959
K37/0088,171.6992915,-43.92544053
K37/0473,171.7405888,-43.90704977
BY21/0199,171.69277,-43.92289013
BY21/0228,171.6853758,-44.04581938
K37/0222,171.5542329,-43.84703156
K37/0358,171.6927064,-43.92295243
K37/0466,171.6595741,-44.03312192
K37/0467,171.7349179,-44.03352195
K37/0468,171.6726382,-43.96944922
K37/0619,171.7350291,-44.03826796
K37/0689,171.5212273,-43.84251251
K37/1010,171.6854242,-44.04589196
K37/1784,171.6702089,-43.96714309
K37/2232,171.6609154,-44.03230033
K37/2303,171.6518284,-43.95803224
K37/2314,171.6836839,-44.03823708
K37/2390,171.6593266,-44.03302898
K37/2871,171.6517391,-43.95977786
K37/3091,171.6566258,-43.85954483
K37/0833,171.6071234,-43.81207006
K36/0118,171.4086178,-43.78509587
K37/0114,171.517338,-43.88350052
K37/0216,171.5095711,-43.88546128
K37/0266,171.5207859,-43.92021665
BY20/0148,171.4357917,-44.01783423
K38/1774,171.530693,-44.12761999
K37/0083,171.3854924,-43.91732239
K37/0231,171.5018197,-44.03357481
K37/0234,171.4422276,-44.03981831
K37/0243,171.5005024,-44.00613327
K37/0245,171.4395223,-44.0163997
K37/0260,171.4068571,-43.96336895
K37/0413,171.4439092,-43.9483307
K37/0562,171.5047449,-44.03337905
K37/2036,171.5178212,-44.0114462
K37/2130,171.3666664,-43.89932688
K37/2438,171.3952453,-43.89923669
K37/2439,171.5363031,-44.01423246
K37/2479,171.3162763,-43.85552238
K37/2591,171.4426749,-44.04418202
K38/0252,171.6085063,-44.13225874
K38/0411,171.6042162,-44.09785903
K38/0413,171.6073682,-44.09716824
K38/1571,171.5444537,-44.12156594
K38/1807,171.5881774,-44.12136747
K38/2200,171.6115855,-44.13154894
K38/0412,171.5697764,-44.11478227
BZ20/0009,171.4753708,-44.13924734
K38/0148,171.3921535,-44.08502323
K38/1706,171.4913557,-44.19194796
K38/1821,171.4913434,-44.1919388
K37/0262,171.3381877,-43.96380419
K37/0493,171.3175851,-43.96284537
K38/0042,171.4008652,-44.16216792
K38/0127,171.4147521,-44.15686958
K38/0144,171.3819414,-44.11368937
K38/0146,171.3612868,-44.10411259
K38/1017,171.4270148,-44.14624433
K38/2111,171.4213833,-44.14877755
BY19/0026,171.3318647,-44.07203127
K38/0410,171.3603686,-44.13370194
K38/0459,171.3861555,-44.16727287
K37/0130,171.3033217,-44.03866783
K38/0105,171.3998519,-44.23336819
J37/0012,171.2459138,-43.98396069
J37/0225,171.2419046,-43.98164821
K37/0465,171.2611366,-43.95584172
K38/0264,171.414382,-44.23366088
K38/0404,171.3743797,-44.1729489
K38/0405,171.3787588,-44.17976349
K38/0409,171.3988016,-44.19266859
K38/0690,171.403873,-44.22543876
K38/2329,171.4138095,-44.22420873
J37/0026,170.8428802,-44.00194532
J37/0073,170.832787,-43.95713387
J37/0045,171.2047474,-44.03374881
K38/0408,171.2788707,-44.11925022
J38/0004,171.2182639,-44.11236072
J37/0017,170.806246,-44.01009771
J37/0028,170.8019628,-44.04970159
J37/0013,170.7921364,-44.03666446
J37/0031,170.8277224,-44.03789609
J37/0033,170.8106276,-44.04118894
J37/0044,170.7672564,-44.01591448
J37/0087,170.8047783,-44.0434355
J38/0187,170.8334132,-44.08512691
K38/0490,171.3326261,-44.27355023
K38/0491,171.3339912,-44.2740203
K38/0492,171.3324805,-44.27426834
K38/0493,171.3327157,-44.27481196
K38/0494,171.3330788,-44.2752674
K38/0495,171.332455,-44.27516827
K38/0496,171.3320767,-44.27525277
K38/0499,171.3313507,-44.27434187
K38/0500,171.3311203,-44.27362727
K38/0501,171.3308621,-44.27389358
K38/0502,171.332258,-44.27327477
K38/0503,171.3320075,-44.27327111
K38/0504,171.3310052,-44.27326547
K38/0505,171.3306269,-44.27334997
K38/0506,171.3300083,-44.27307083
K38/0507,171.3318822,-44.27326928
K38/0508,171.3308901,-44.27290367
K38/0510,171.3307649,-44.27290184
K38/0511,171.3300159,-44.27280086
K38/0512,171.3298932,-44.27270903
K38/0513,171.3301463,-44.2726227
K38/0514,171.3291545,-44.27224808
K38/0518,171.3309899,-44.27380542
K38/0519,171.331706,-44.2750673
K38/0520,171.3253075,-44.27093131
K38/0521,171.3238353,-44.26982936
K38/0522,171.3210415,-44.27113876
K38/0523,171.3209137,-44.27122691
K38/0526,171.3187357,-44.27290544
K38/0528,171.3181018,-44.27316619
K38/0529,171.3197531,-44.27238023
K38/0530,171.3229942,-44.27296805
K38/0531,171.3272989,-44.2758221
K38/0532,171.3301316,-44.27756512
K38/0538,171.3136511,-44.27544133
K38/0539,171.3183574,-44.2729899
K38/0540,171.3254711,-44.27399472
J38/0159,171.099331,-44.22974333
J38/0023,171.1569814,-44.26091134
J38/0028,171.1435204,-44.26190869
J38/0098,171.1538195,-44.26427239
J38/0194,171.105982,-44.26127425
J38/0242,171.1531927,-44.26388413
J38/0055,171.1597366,-44.27017481
K38/0091,171.2945873,-44.24959875
K38/0268,171.2825892,-44.24869871
K38/0449,171.282641,-44.25122033
K38/0450,171.2796159,-44.2475736
K38/0240,171.3445839,-44.23993593
K38/0406,171.3087044,-44.24344357
K38/0407,171.282104,-44.19262946
K38/0441,171.3329676,-44.26546154
K38/1712,171.3417874,-44.26992938
K38/1776,171.3651195,-44.25811174
I37/0004,170.7461381,-44.02307136
J38/0889,171.2428955,-44.29415405
BZ19/0223,171.2934672,-44.31253971
BZ19/0275,171.2278312,-44.28990596
J38/0045,171.1930839,-44.3030909
J38/0068,171.2084004,-44.30361132
J38/0084,171.2403772,-44.30460369
J38/0085,171.2416572,-44.30372311
J38/0125,171.2094444,-44.30473505
J38/0130,171.2159836,-44.28172687
J38/0170,171.2289368,-44.30982858
J38/0171,171.2422413,-44.32531207
J38/0179,171.2144173,-44.30570421
J38/0255,171.2422576,-44.32518628
K38/0088,171.2746666,-44.30415458
K38/0089,171.2728511,-44.31006006
K38/0164,171.2530954,-44.29849691
K38/0165,171.2535548,-44.29526288
K38/0171,171.257087,-44.29450658
K38/0172,171.2626351,-44.29892153
K38/0174,171.2593873,-44.29768369
K38/0185,171.284522,-44.32347025
K38/0194,171.2767162,-44.29709122
K38/0274,171.25188,-44.29425593
K38/0278,171.2696867,-44.29784921
K38/0287,171.2509189,-44.27300326
K38/0424,171.2809658,-44.30396149
K38/0425,171.2805833,-44.30160596
K38/0426,171.2724421,-44.30391389
K38/0427,171.27556,-44.29847823
K38/0430,171.2735958,-44.3047596
K38/0431,171.2928144,-44.31213383
K38/0434,171.278367,-44.2912192
K38/0435,171.2737843,-44.29790222
K38/0436,171.2675534,-44.31070905
K38/0437,171.2681979,-44.31948766
K38/0840,171.2726554,-44.30390811
K38/2210,171.2520879,-44.29907568
K38/2316,171.2555586,-44.27203888
K39/0006,171.2491667,-44.34714239
K39/0025,171.2498661,-44.35146548
K39/0027,171.2490303,-44.35172275
K39/0258,171.2631714,-44.34915683
J38/0188,171.1961894,-44.27332227
K38/0332,171.2986602,-44.28296153
K38/2435,171.2822652,-44.27789051
J38/0169,171.1865961,-44.28537833
J38/0259,171.1845429,-44.28571483
K39/0013,171.2450987,-44.35733419
K39/0028,171.2459767,-44.35734768
K39/0033,171.2482685,-44.35539323
J39/0259,171.2337605,-44.41600168
J39/0261,171.2225046,-44.41853685
J39/0705,170.9700177,-44.36346148
J39/0490,170.9771769,-44.36656847
J39/0701,170.9685657,-44.38113514
J39/0719,170.963158,-44.36694043
J39/0181,171.1431633,-44.45871369
J39/0009,171.2175379,-44.49139931
J39/0010,171.2162588,-44.49209954
J39/0090,171.1993592,-44.50054884
J39/0093,171.200734,-44.48570715
J39/0135,171.2024679,-44.48370886
J39/0211,171.2133324,-44.48784955
J39/0481,171.0421271,-44.41466812
J39/0109,171.1114945,-44.45497132
J39/0412,171.1225612,-44.46498476
J39/0232,171.1986425,-44.51197087
J39/0121,171.1876351,-44.50421647
J39/0532,171.1909003,-44.52716189
J39/0091,171.1691378,-44.53370198
J39/0111,171.0033036,-44.49907107
J39/0396,171.1813274,-44.54117988
CA18/0020,171.0330267,-44.5289895
J39/0378,171.1145518,-44.5313642
J39/0555,171.1464933,-44.56985099
J39/0661,171.1488795,-44.60735812
CA18/0019,171.009601,-44.5638465
J39/0133,171.0197805,-44.57780637
J39/0716,171.0093704,-44.56432862
J40/0343,171.1565317,-44.62837665
J40/0303,171.0862422,-44.61519279
J40/1110,171.0862176,-44.61517438
J40/0042,171.1561904,-44.63397966
J40/0085,171.1385909,-44.6639062
J40/0995,171.1561133,-44.63402343
J40/1056,171.1057371,-44.65790136
J40/0814,171.0474693,-44.68519619
J40/0019,171.0263776,-44.69724776
J40/0816,171.0602523,-44.70182538
J40/0632,171.0230613,-44.71346659
J40/0081,171.0972765,-44.68364253
J40/0333,171.0911895,-44.66919113
CA19/0055,171.0866692,-44.73635393
J40/0011,171.1253232,-44.72678659
J40/0016,171.0543412,-44.75202066
J40/0022,171.0865691,-44.73632525
J40/0080,171.0698851,-44.72872553
J40/0256,171.0666228,-44.74552262
J40/0286,171.1403785,-44.74324594
J40/0217,171.1145468,-44.77393408
J40/0469,171.0864803,-44.78111
J40/0079,171.1096976,-44.81988217
J40/0097,171.1603444,-44.8193862
J40/1024,171.1582344,-44.78673721
J40/1106,171.0848644,-44.8108532
J40/0106,171.1360807,-44.87130408
J40/0869,171.0780206,-44.8691261
J40/0053,171.102951,-44.83853977
J40/0118,171.1459215,-44.84238746
J41/0006,171.1516633,-44.89150605
J40/0077,171.0778679,-44.87257134
CA17/0007,170.5031291,-44.69782248
CA17/0008,170.5807308,-44.66499676
J41/0018,171.1029964,-44.91650765
I40/0503,170.6038614,-44.79868223
I40/0666,170.5072577,-44.78621577
I40/0543,170.5690515,-44.82340426
CB18/5051,170.9419594,-44.87130038
J40/0089,170.9188404,-44.87137636
J40/0163,170.9419423,-44.8714261
J40/0620,170.8777968,-44.86177164
J41/0004,171.0409629,-44.88977714
J41/0054,170.9726338,-44.87994214
M35/5905,172.7168861,-43.46069336
M35/5891,172.7199216,-43.47257757
H38/0229,170.0591289,-44.31005778
H39/0148,169.8469632,-44.52254328
M35/5888,172.7181093,-43.46348773
BZ15/5018,170.0257213,-44.3367223
CA15/5008,169.9109292,-44.49771767
BZ15/5017,169.9581173,-44.33684894
CA15/5006,169.9902679,-44.41394467
I39/0007,170.2596645,-44.35385045
CA15/5005,169.9568379,-44.45351558
H39/0048,170.0076639,-44.48943837
CA15/5007,169.9986786,-44.38434054
H38/0051,170.076335,-44.26832198
H39/0139,169.9831922,-44.42672154
H39/0133,169.9745296,-44.41882201
BZ16/0072,170.1949316,-44.29997207
BZ15/5019,170.1030733,-44.19509961
I38/0103,170.2398903,-44.26936928
H38/0230,170.1433209,-44.27234091
I38/0092,170.3022641,-44.29530306
CA15/5009,169.8810146,-44.394212
H38/0004,170.0691634,-44.2354129
I38/0084,170.3794734,-44.15384773
I38/0085,170.455628,-44.15762302
M35/5890,172.7195623,-43.47005547
BZ16/0073,170.3192587,-44.32371106
